{
    "loss": 16.24532127380371,
    "accuracy": 0.4313725531101227
}