{
    "loss": 11.526554107666016,
    "accuracy": 0.4313725531101227
}