{
    "loss": 5.725026607513428,
    "accuracy": 0.5686274766921997
}