{
    "loss": 14.544254302978516,
    "accuracy": 0.5686274766921997
}