{
    "loss": 9.887269020080566,
    "accuracy": 0.4313725531101227
}